African,singe
African,oryctérope
African,cochondeterre
African,oryctéropeducap
African,protèle
African,addax
African,mygale
African,chiensauvagedafrique
African,lycaon
African,antilope
African,serpentaire
African,vipèrearabe
African,atalante
African,bongo
African,bonobo
African,écureuilarboricole
African,rousette
African,boomslang
African,écureuildelaforêt
African,buffle
African,caracal
African,guépard
African,chimpanzé
African,cobra
African,dikdik
African,plongeon
African,éland
African,fennec
African,grisdugabon
African,renardfennec
African,chatfuret
African,gazelle
African,chatgenette
African,pard
African,cœlacanthecommun
African,girafe
African,girafes
African,gnou
African,gorille
African,bubale
African,hippopotame
African,hyène
African,impala
African,indri
African,araignéecrabe
African,chacal
African,gerboise
African,buffleducap
African,buffledafrique
African,chameau
African,caméléon
African,basseimpériale
African,hyrax
African,phacochère
African,koudou
African,lamantin
African,lion
African,leslions
African,lionne
African,lémurien
African,léopard
African,mamba
African,mandrill
African,singemandrill
African,mangouste
African,marabout
African,antilopemendes
African,rhinocéros
African,nombrepapillon
African,nyala
African,okapi
African,éléphant
African,leséléphants
African,oryx
African,panthère
African,paraxerus
African,renoster
African,punaisesdeaugéantes
African,lémurienàqueueannelée
African,pangolin
African,cafardsifflant
African,springbok
African,ibex
African,suricate
African,autruche
African,tigre
African,lestigres
African,tilapia
African,balbuzard
African,renardvolant
African,chienvolant
African,crabesàsourcils
African,chèvrenaine
African,chiensauvage
African,chatdudésert
African,lynxdudésert
African,renarddudésert
African,amphibie
African,verruessanglier
African,zèbre
African,chevalzèbre
African,serpentdemer
African,faucondemer
African,tourterelle
African,mambanoir
African,guenon
African,ratel
African,gypaètebarbu
Arachnid,moissonneur
Arachnid,acarien
Arachnid,acariens
Arachnid,araignéecrabe
Arachnid,araignéedejardin
Arachnid,scorpion
Arachnid,araignée
Arachnid,tarentule
Arachnid,cocher
Arachnid,mygale
Arachnid,marque
Arachnid,araignéedeviolon
Arachnid,araignéeloup
Arachnid,scorpionàqueuedefouet
Arachnid,araignéedemer
Arachnid,tique
Arctic,manchotadélie
Arctic,pingouin
Arctic,ourspolaire
Arctic,caribou
Arctic,mammouth
Arctic,bœufmusqué
Arctic,narval
Arctic,macareux
Arctic,manchot
Arctic,lièvrearctique
Arctic,renardpolaire
Arctic,louparctique
Arctic,renne
Arctic,phoque
Arctic,harfangdesneiges
Arctic,morse
Arctic,oursblanc
Arctic,mammouthlaineux
Arctic,otarieàfourrure
Arctic,léoparddemer
Arctic,pirate
Arctic,oursdemer
Arctic,ourson
Asian,papillonamiral
Asian,apode
Asian,argalis
Asian,atalante
Asian,singebarbu
Asian,oursenbambou
Asian,tigre
Asian,babouin
Asian,ours
Asian,martredours
Asian,tigredubengale
Asian,élan
Asian,orignal
Asian,beo
Asian,beoperroquet
Asian,tuyaudelunettes
Asian,caracal
Asian,oeildepaon
Asian,crotale
Asian,renardfennec
Asian,fennec
Asian,gavial
Asian,cœlacanthecommun
Asian,gibbon
Asian,mésangeàtêtebrillante
Asian,oursdescavernes
Asian,hyène
Asian,araignéecrabe
Asian,rousette
Asian,jerbu
Asian,petitpanda
Asian,poissonlion
Asian,collierours
Asian,oursparesseux
Asian,loriquet
Asian,blaireau
Asian,macaques
Asian,oursmalais
Asian,chatenmarbre
Asian,pinsonmuscat
Asian,nombrepapillon
Asian,éléphant
Asian,leséléphants
Asian,panda
Asian,ourspanda
Asian,grémille
Asian,perrucheàtêteprune
Asian,singerhésus
Asian,pandagéant
Asian,punaisesdeaugéantes
Asian,pandarouge
Asian,pangolin
Asian,mygale
Asian,tigredesibérie
Asian,tigredesneiges
Asian,tarsiers
Asian,ibex
Asian,mainadedeuil
Asian,acariensthrombiculides
Asian,balbuzard
Asian,serpentaire
Asian,renardvolant
Asian,serpentvolant
Asian,fourmisrouges
Asian,moutonsauvage
Asian,chatdudésert
Asian,lynxdudésert
Asian,renarddudésert
Asian,amphibie
Asian,serpentdemer
Asian,faucondemer
Asian,oursnoir
Asian,guenon
Asian,gypaètebarbu
Asian,ourson
Australian,marsupial
Australian,opossum
Australian,cuscus
Australian,dingo
Australian,mygale
Australian,bandicoot
Australian,émeu
Australian,euros
Australian,crevette
Australian,perruche
Australian,halosauruspectoral
Australian,araignéecrabe
Australian,joey
Australian,kangourou
Australian,casoar
Australian,kiwi
Australian,koala
Australian,couscous
Australian,kookaburra
Australian,poissonlion
Australian,pochesàlonguesoreilles
Australian,loriquet
Australian,kangourourouge
Australian,planeurdesucre
Australian,wallabytammar
Australian,diabledetasmanie
Australian,ornithorynque
Australian,wallaby
Australian,wallaroo
Australian,wombat
BeastsOfBurden,yack
BeastsOfBurden,àbosse
BeastsOfBurden,clydesdale
BeastsOfBurden,trotteur
BeastsOfBurden,dromadaire
BeastsOfBurden,âne
BeastsOfBurden,hackney
BeastsOfBurden,étalon
BeastsOfBurden,yak
BeastsOfBurden,chameau
BeastsOfBurden,lama
BeastsOfBurden,bêtedesomme
BeastsOfBurden,jument
BeastsOfBurden,joyeux
BeastsOfBurden,mulet
BeastsOfBurden,mule
BeastsOfBurden,museau
BeastsOfBurden,mustang
BeastsOfBurden,onagre
BeastsOfBurden,taureau
BeastsOfBurden,vache
BeastsOfBurden,boeuf
BeastsOfBurden,cheval
BeastsOfBurden,chevaux
BeastsOfBurden,poney
BeastsOfBurden,chevaldeprzewalski
BeastsOfBurden,chevaucher
BeastsOfBurden,shetland
BeastsOfBurden,poneyshetland
BeastsOfBurden,zébu
Bird,aakstar
Bird,cormoran
Bird,vautour
Bird,oiseaucharognard
Bird,aigle
Bird,lesaigles
Bird,manchotadélie
Bird,aiglechauveafricain
Bird,tourtereau
Bird,albatros
Bird,pingouin
Bird,lagopède
Bird,copainaméricain
Bird,hibougrandducaméricain
Bird,chanteuraméricain
Bird,aigleaméricain
Bird,condorandin
Bird,anhinga
Bird,oiseauanis
Bird,grosbec
Bird,ara
Bird,passeereaux
Bird,barnevelder
Bird,muguet
Bird,beo
Bird,beoperroquet
Bird,tadorne
Bird,gorgebleueàmiroir
Bird,geaibleu
Bird,rossignolbleu
Bird,héronbleu
Bird,picbleu
Bird,chardonneret
Bird,fouàpattesbleues
Bird,gogludesprés
Bird,hirondellerustique
Bird,bombycille
Bird,corneillemantelée
Bird,picépeiche
Bird,sittelle
Bird,grimpereau
Bird,faucondesarbres
Bird,pigeonforestier
Bird,chouettehulotte
Bird,oiebernache
Bird,bruantbrun
Bird,corbeaubrun
Bird,buse
Bird,oiecanadienne
Bird,oiseaugruecanadienne
Bird,faisancanje
Bird,condor
Bird,tarindespins
Bird,tueur
Bird,dodo
Bird,pigeon
Bird,plongeon
Bird,pigeons
Bird,puffinàbecfin
Bird,und
Bird,canards
Bird,canardeider
Bird,pie
Bird,émeu
Bird,émeus
Bird,perrucheanglaise
Bird,faisan
Bird,flamant
Bird,flamantrose
Bird,grèbe
Bird,geai
Bird,galloansères
Bird,jars
Bird,oie
Bird,groseilleàmaquereau
Bird,chanteuseauxseinsjaunes
Bird,bruantjaune
Bird,ararouge
Bird,bergeronnettejaune
Bird,busard
Bird,gand
Bird,cormoranàoreilles
Bird,kookaburrarégulier
Bird,rapide
Bird,lingot
Bird,mésangeàtêtebrillante
Bird,amadinedor
Bird,bruant
Bird,faisandoré
Bird,coqdor
Bird,grivedor
Bird,bouvreuil
Bird,pinsonsdegould
Bird,perruche
Bird,pipitdherbe
Bird,oiegrise
Bird,poussin
Bird,grivemusiciennegrise
Bird,perroquetvert
Bird,verdier
Bird,grosseoie
Bird,grandmuguet
Bird,grandroadrunner
Bird,passereau
Bird,grandeaigrette
Bird,bargeàqueuenoire
Bird,coq
Bird,alcyon
Bird,faucon
Bird,moineaudehaie
Bird,eux
Bird,himantopus
Bird,hotzine
Bird,poule
Bird,violon
Bird,pigeonramier
Bird,bécasse
Bird,moineaudemaison
Bird,hirondelledefenêtre
Bird,ibis
Bird,martinpêcheur
Bird,combattantindien
Bird,gibierindien
Bird,janvangent
Bird,jeunepigeon
Bird,kaka
Bird,cacatoès
Bird,dinde
Bird,dindon
Bird,canari
Bird,canaris
Bird,nouer
Bird,mouetterieuse
Bird,chapon
Bird,cardinaux
Bird,oiseaucardinal
Bird,rousserolle
Bird,casoar
Bird,casoars
Bird,mâcher
Bird,kea
Bird,donjon
Bird,fraise
Bird,chouetteeffraie
Bird,harrier
Bird,vanneau
Bird,poulet
Bird,kiwi
Bird,piegrièche
Bird,petitbouvreuil
Bird,petitcygne
Bird,avocette
Bird,canardàlacrème
Bird,coucou
Bird,pigeonvoyageur
Bird,hérongardeboeuf
Bird,foulque
Bird,canardcoq
Bird,colibri
Bird,aigleroyal
Bird,kookaburra
Bird,oieduchou
Bird,mésangecharbonnière
Bird,grosseins
Bird,grouse
Bird,corbeau
Bird,corbeaux
Bird,grue
Bird,coqnain
Bird,poulenaine
Bird,pouletnain
Bird,jack
Bird,canardcouronne
Bird,oiseaucouronne
Bird,colombefrisée
Bird,canardmorillon
Bird,mésangehuppée
Bird,oisillon
Bird,caille
Bird,bergeronnette
Bird,oiseauquirit
Bird,vautourbarbu
Bird,fauconlanier
Bird,larus
Bird,serpentaire
Bird,alouette
Bird,spatule
Bird,ornithorynque
Bird,loriquet
Bird,canardmandarin
Bird,goélandmarin
Bird,marabout
Bird,mésange
Bird,seins
Bird,mouette
Bird,merle
Bird,oiseausouris
Bird,moineau
Bird,moineaucommun
Bird,pinsonmuscat
Bird,moineaux
Bird,rossignol
Bird,oiseaudenuit
Bird,nandou
Bird,oieégyptienne
Bird,bouvreuilnorvégien
Bird,oohoo
Bird,cigogne
Bird,cigognes
Bird,ortolan
Bird,perroquet
Bird,conure
Bird,macareux
Bird,oiseaudeparadis
Bird,pintade
Bird,perruches
Bird,patepatouille
Bird,perdrix
Bird,oiseauperdrix
Bird,paon
Bird,pélican
Bird,mésangebleue
Bird,manchot
Bird,platalée
Bird,pluvier
Bird,poelepetaat
Bird,volailleduprieuré
Bird,perrucheàtêteprune
Bird,héronpourpre
Bird,putter
Bird,quetzal
Bird,quiscale
Bird,hiboumoyenduc
Bird,corneille
Bird,héron
Bird,oiedeharicot
Bird,bruantdesroseaux
Bird,roupiederiz
Bird,pigeonanneau
Bird,moineauanneau
Bird,picrouge
Bird,corbeaufreux
Bird,rougegorge
Bird,rougequeue
Bird,fauconàqueuerouge
Bird,oiseaudeproie
Bird,bernachecravant
Bird,busepattue
Bird,volailleàpattesrugueuses
Bird,écuyer
Bird,huîtrierpie
Bird,oiseauquicrie
Bird,oiseaubleu
Bird,pigeondefantaisie
Bird,siskin
Bird,sitta
Bird,pinsonaubâton
Bird,oiseauàcoldeserpent
Bird,fauconpèlerin
Bird,sucrier
Bird,pelleteur
Bird,merlin
Bird,canardsiffleur
Bird,harfangdesneiges
Bird,couper
Bird,jambesdeforce
Bird,grisdugabon
Bird,pivert
Bird,épervier
Bird,oiseaumoqueur
Bird,étourneau
Bird,fouet
Bird,mésangeàlonguequeue
Bird,aigleenor
Bird,petitechouette
Bird,faucondepierre
Bird,caissiergeai
Bird,cuissardes
Bird,arrière
Bird,oiseaupuant
Bird,bécasseau
Bird,bécasseauxetbécassines
Bird,bipdeplage
Bird,autruche
Bird,sula
Bird,suskewiet
Bird,tangaras
Bird,traquet
Bird,paillette
Bird,toucan
Bird,hiboudelatour
Bird,crécerelle
Bird,colroulé
Bird,tourterelle
Bird,colombededeuil
Bird,mainadedeuil
Bird,oiseautrompettiste
Bird,siffleurdejardin
Bird,chevalierrouge
Bird,chouette
Bird,hibou
Bird,faucons
Bird,calopsitte
Bird,hiboudesmarais
Bird,balbuzard
Bird,sternepierregarin
Bird,moucherolle
Bird,oiseau
Bird,desoiseaux
Bird,pouledeau
Bird,pouletdeau
Bird,boucherdeleau
Bird,bécassine
Bird,oiseaudeau
Bird,courlisdeau
Bird,geaidesbroussaillesdelouest
Bird,oiseautisserand
Bird,loriot
Bird,canardsauvage
Bird,oiesauvage
Bird,troglodytemignon
Bird,roitelet
Bird,aigledemeràtêteblanche
Bird,sizerinflamméàcroupionblanc
Bird,poulepondeuseblanche
Bird,héronblanc
Bird,canard
Bird,cerfvolant
Bird,courlis
Bird,grivemusicienne
Bird,oiseauchanteur
Bird,diamantmandarin
Bird,aigledemer
Bird,canarddemer
Bird,faucondemer
Bird,oiseaudemer
Bird,soie
Bird,becdargent
Bird,goéland
Bird,aigrette
Bird,perruchedusoleil
Bird,cygne
Bird,hirondelle
Bird,hirondelles
Bird,queuedaronde
Bird,corbeaunoir
Bird,ibisnoir
Bird,mésangenoire
Bird,pointnoir
Bird,parulineàtêtenoire
Bird,colombe
Bird,palombe
Bird,grive
Bird,pyrargue
Bird,canette
Bird,caneton
Bird,gypaètebarbu
Bird,coquelet
Bovine,bison
Bovine,bromrund
Bovine,buffle
Bovine,montagnard
Bovine,yak
Bovine,buffledafrique
Bovine,veau
Bovine,buffledecoiffeur
Bovine,carabao
Bovine,vache
Bovine,lakenvelder
Bovine,longicorne
Bovine,veaudengraissement
Bovine,bœufmusqué
Bovine,aurochs
Bovine,primitif
Bovine,boeuf
Bovine,petitdoigt
Bovine,vacherouge
Bovine,bœuf
Bovine,bétail
Bovine,taureau
Bovine,longicornedutexas
Bovine,génisse
Bovine,bufflesdeau
Bovine,sage
Canine,protèle
Canine,lévrierafghan
Canine,chiensauvagedafrique
Canine,lycaon
Canine,airedaleterrier
Canine,akita
Canine,malamutedalaska
Canine,loupaméricain
Canine,lhassaapso
Canine,basset
Canine,beagle
Canine,bergerbelge
Canine,chiendemontagnebernois
Canine,limier
Canine,queueécourté
Canine,boxeur
Canine,bostonterrier
Canine,bouvier
Canine,boxeurs
Canine,bouledogue
Canine,bulldog
Canine,mordeurdetaureau
Canine,bulmastiff
Canine,cavalierroicharlesspaniel
Canine,chihuahua
Canine,quinnat
Canine,chowchow
Canine,cocker
Canine,colley
Canine,corgi
Canine,coyote
Canine,dalmatien
Canine,teckel
Canine,chiendanois
Canine,dobermann
Canine,chienallemand
Canine,bergerallemand
Canine,chienderacebergerallemand
Canine,allemanddebout
Canine,bulldoganglais
Canine,bergeranglais
Canine,renardfennec
Canine,fennec
Canine,chiencourant
Canine,bulldogfrançais
Canine,canichefrançais
Canine,renardcommun
Canine,goldenretriever
Canine,goldendoodle
Canine,levrette
Canine,loupgris
Canine,groenendael
Canine,renardàgrandesoreilles
Canine,harrier
Canine,chiendeberger
Canine,chiendebergerhollandais
Canine,chien
Canine,chiendebergerhongrois
Canine,rauque
Canine,hyène
Canine,chienhyène
Canine,chiendechasse
Canine,jackrussell
Canine,chacal
Canine,keeshond
Canine,labrador
Canine,labradorretriever
Canine,maltais
Canine,bichonmaltais
Canine,carlin
Canine,pékinois
Canine,pitbull
Canine,pitbullterrier
Canine,caniche
Canine,poméranien
Canine,louparctique
Canine,chiendeauportugais
Canine,loupdesprairies
Canine,puggle
Canine,chiot
Canine,chiendemontagnedespyrénées
Canine,retriever
Canine,masculin
Canine,renardrouge
Canine,schnauzer
Canine,sheltie
Canine,bergerdesshetland
Canine,shihtzu
Canine,huskysibérien
Canine,saintbernard
Canine,chiensaintbernard
Canine,épagneul
Canine,loupdessteppes
Canine,chienne
Canine,terrier
Canine,loupdesbois
Canine,chienlouptchécoslovaque
Canine,chienpapillon
Canine,renard
Canine,chiendeau
Canine,corgigalloispembroke
Canine,fouetter
Canine,chiensauvage
Canine,renarddudésert
Canine,loup
Canine,loupchien
Canine,york
Canine,yorkshireterrier
Canine,terreneuve
Cats,poilcourteuropéen
Deers,bique
Deers,chèvre
Deers,épaisépais
Deers,élan
Deers,antilopegaffe
Deers,antilope
Deers,gazelle
Deers,gnou
Deers,hartbeast
Deers,cerf
Deers,lescervidés
Deers,biche
Deers,impala
Deers,caribou
Deers,cerfmulet
Deers,cerfmusqué
Deers,chevreuil
Deers,faon
Deers,faireleménage
Deers,renne
Deers,rooïbok
Deers,cerfdevirginie
Deers,cerfàqueuenoire
Deers,wapiti
Deers,bouc
Deers,chevreau
Deers,biquette
Deers,bouquetin
Dinosaur,allosaure
Dinosaur,apatosaure
Dinosaur,brachiosaure
Dinosaur,brontosaure
Dinosaur,dinosaures
Dinosaur,dromaeosauridae
Dinosaur,ptérodactyle
Dinosaur,stégosaure
Dinosaur,tricératops
Dinosaur,tyrannosaure
Dinosaur,vélociraptor
Dinosaur,diplodocus
Dinosaur,compsognathus
Europe,papillonamiral
Europe,blaireau
Europe,atalante
Europe,barnevelder
Europe,punaisedelit
Europe,élan
Europe,orignal
Europe,marmottedesmontagnes
Europe,castor
Europe,pâle
Europe,blanchir
Europe,sittelle
Europe,grimpereau
Europe,mygale
Europe,martredespins
Europe,chatdelaforêt
Europe,bulmastiff
Europe,oeildepaon
Europe,chiencourant
Europe,corneille
Europe,gemmes
Europe,mésangeàtêtebrillante
Europe,bidonville
Europe,oursdescavernes
Europe,araignéedejardin
Europe,fauconlanier
Europe,longicorne
Europe,nombrepapillon
Europe,acariensderécolte
Europe,publier
Europe,renne
Europe,tour
Europe,rudd
Europe,sardine
Europe,chatécossaisàoreillespliées
Europe,mouchedeboue
Europe,ibex
Europe,bipdeplage
Europe,longicornedutexas
Europe,mulot
Europe,géantflamand
Europe,cerfvolant
Europe,fouetter
Europe,sanglier
Europe,sage
Europe,loup
Europe,tourterelle
Europe,marcassin
Europe,laie
Europe,chamois
Europe,bouquetin
Europe,gypaètebarbu
Farm,barg
Farm,barnevelder
Farm,ourscochon
Farm,gros
Farm,bique
Farm,chèvre
Farm,canard
Farm,chevalbronzé
Farm,clydesdale
Farm,âne
Farm,furet
Farm,chèvres
Farm,coq
Farm,cochonventru
Farm,eux
Farm,étalon
Farm,poule
Farm,poulets
Farm,combattantindien
Farm,gibierindien
Farm,veau
Farm,dindon
Farm,dinde
Farm,chapon
Farm,poulet
Farm,poussin
Farm,vache
Farm,lapin
Farm,cruches
Farm,agneau
Farm,longicorne
Farm,jument
Farm,veaudengraissement
Farm,taureau
Farm,chevalminiature
Farm,mouflon
Farm,mulet
Farm,mule
Farm,museau
Farm,porcombilical
Farm,éwé
Farm,os
Farm,cheval
Farm,chevaux
Farm,pécari
Farm,petitdoigt
Farm,lavolaille
Farm,poney
Farm,ram
Farm,chevaucher
Farm,vacherouge
Farm,bœuf
Farm,bétail
Farm,brebis
Farm,bélier
Farm,mouton
Farm,poneyshetland
Farm,porc
Farm,barbiche
Farm,serpent
Farm,araignée
Farm,génisse
Farm,cochon
Farm,poulain
Farm,chèvredemontagnedafriquedelouest
Farm,poulepondeuseblanche
Farm,truie
Farm,sanglier
Farm,marcassin
Farm,laie
Farm,bouc
Farm,canette
Farm,caneton
Farm,chevreau
Farm,coquelet
Farm,biquette
Feline,angora
Feline,tigredubengale
Feline,liondemontagne
Feline,chatdelaforêt
Feline,poillongbritannique
Feline,caracal
Feline,guépard
Feline,chattigré
Feline,poilcourteuropéen
Feline,chatfuret
Feline,geoffreykat
Feline,unchatdomestique
Feline,irbis
Feline,jaguar
Feline,chat
Feline,félin
Feline,gueuledebois
Feline,chatpoillong
Feline,chatcalicot
Feline,lion
Feline,leslions
Feline,lionne
Feline,ligre
Feline,léopard
Feline,lynx
Feline,chatenmarbre
Feline,maximum
Feline,chatnu
Feline,furetchatdamériquedunord
Feline,ocelot
Feline,panthère
Feline,chatbarbu
Feline,presse
Feline,chatpersan
Feline,poillongpersan
Feline,cougar
Feline,puma
Feline,poupéedechiffon
Feline,lynxrouge
Feline,poilcourtrusse
Feline,tigreàdentsdesabre
Feline,chatécossaisàoreillespliées
Feline,servile
Feline,siamois
Feline,chatsiamois
Feline,tigredesibérie
Feline,smilodon
Feline,léoparddesneiges
Feline,tigredesneiges
Feline,tigre
Feline,tigres
Feline,angoraturc
Feline,chatsauvage
Feline,tigreblanc
Feline,chatdudésert
Feline,liondargent
Feline,panthèrenoire
Feline,unchaterrant
Feline,sphynx
Fish,anguille
Fish,alver
Fish,rascasse
Fish,alosesavoureuse
Fish,sandreaméricain
Fish,amphiprion
Fish,poissonclown
Fish,mérou
Fish,anchois
Fish,apistogramme
Fish,arapaïma
Fish,aileronsdebras
Fish,colin
Fish,perche
Fish,barbeau
Fish,barracuda
Fish,barramundi
Fish,requinbleu
Fish,baleinebleue
Fish,crapetàgorgebleue
Fish,tassergal
Fish,pâle
Fish,blanchir
Fish,poissonblob
Fish,os
Fish,lesdeuxragonusswanii
Fish,brème
Fish,achiganàgrandebouche
Fish,carpedebrocart
Fish,ombledefontaine
Fish,chaetodiptèrefaber
Fish,coelacanthiformes
Fish,poissondisque
Fish,docteurpoisson
Fish,chiendemer
Fish,daurade
Fish,dorade
Fish,câble
Fish,diable
Fish,poissonlicorne
Fish,truite
Fish,baràtruite
Fish,crevettesroyales
Fish,crevette
Fish,àbecjaune
Fish,orphie
Fish,anguilledeverre
Fish,gobiidés
Fish,carpedor
Fish,mahidor
Fish,poissonrouge
Fish,liserondor
Fish,gouvis
Fish,carpeherbivore
Fish,barbue
Fish,percheverte
Fish,gobie
Fish,fondateur
Fish,grandrequinbleu
Fish,grossecrevette
Fish,guppy
Fish,requin
Fish,requinmarteau
Fish,plusfort
Fish,aucœurdur
Fish,hareng
Fish,merlu
Fish,flétan
Fish,gouramiaumiel
Fish,humunukuapua
Fish,calamar
Fish,listiophore
Fish,itajara
Fish,demoiselle
Fish,caïmanbrochet
Fish,morue
Fish,tétracardinal
Fish,carpe
Fish,chaînebrochet
Fish,achiganàpetitebouche
Fish,poissonclub
Fish,poissonquigrogne
Fish,poissonglobe
Fish,koi
Fish,carpekoï
Fish,kolbleï
Fish,carpeencage
FIsh,murène
Fish,goberge
Fish,poissonlion
Fish,silure
Fish,charlatan
Fish,méduse
Fish,lepomismacrochirus
Fish,requinléopard
Fish,leslutjanidés
Fish,poissonange
Fish,mahimahi
Fish,maquereau
Fish,requinmako
Fish,marlin
Fish,poissonchat
Fish,mégalodon
Fish,grandrequin
Fish,meun
Fish,perchedemousse
Fish,lieu
Fish,néontétra
Fish,nishikigoi
Fish,poissonperroquet
Fish,perca
Fish,sole
Fish,weever
Fish,requinpointedeflèche
Fish,piranha
Fish,poissonplat
Fish,pomoxis
Fish,grondin
Fish,publier
Fish,cachalot
Fish,coups
Fish,souffleur
Fish,queuederat
Fish,truitearcenciel
Fish,poissonarcenciel
Fish,rhinecanthusrectangulus
Fish,rudd
Fish,rog
Fish,aspic
Fish,saumonrose
Fish,sardine
Fish,touche
Fish,églefin
Fish,plie
Fish,sciaenopsocellatus
Fish,poissoncombattantsiamois
Fish,anguilleélectrique
Fish,mudskipper
Fish,myxine
Fish,vivaneau
Fish,brochet
Fish,sandre
Fish,carpemiroir
Fish,éperlan
Fish,sprat
Fish,épinoche
Fish,esturgeon
Fish,mulet
Fish,requintaureau
Fish,stockfisch
Fish,sumatra
Fish,synanceia
Fish,groupeur
Fish,turbot
Fish,tétra
Fish,requintigre
Fish,tilapia
Fish,langue
Fish,thon
Fish,infirmièrerequin
Fish,poissonpapillonàquatreyeux
Fish,finarmigen
Fish,poisson
Fish,pêche
Fish,poissonvolant
Fish,gardon
Fish,baleine
Fish,requinbaleine
Fish,merlan
Fish,liseron
Fish,requinblanc
Fish,thonblanc
Fish,poissonblanc
Fish,saumon
Fish,poissonzèbre
Fish,loupdemer
Fish,lalotte
Fish,seiche
Fish,tanche
Fish,congre
Fish,unique
Fish,poissondemer
Fish,voilier
Fish,salé
Fish,poissondeaudouce
Fish,poissonlune
Fish,poissondeausalée
Fish,requinsoeur
Fish,espadon
Fish,lotte
Fish,vive
Fish,cabillaud
Fish,poulpe
Fish,dard
Forest,despuces
Forest,grosbec
Forest,passereau
Forest,élan
Forest,orignal
Forest,puceron
Forest,bique
Forest,chèvre
Forest,longicorne
Forest,martredespins
Forest,fourmiforestière
Forest,chouettehulotte
Forest,daim
Forest,cerfrouge
Forest,hérisson
Forest,sanglier
Forest,grivemusiciennegrise
Forest,puma
Forest,cougar
Forest,grizzly
Forest,lièvre
Forest,mygale
Forest,cerf
Forest,biche
Forest,ratdomestique
Forest,collierours
Forest,lynx
Forest,porcépic
Forest,martre
Forest,blaireau
Forest,fourmi
Forest,fourmis
Forest,souris
Forest,singeproboscis
Forest,coatis
Forest,mésangebleue
Forest,chouette
Forest,hiboumoyenduc
Forest,chevreuil
Forest,loir
Forest,pivert
Forest,toucan
Forest,torrent
Forest,hibou
Forest,renard
Forest,ratonlaveur
Forest,loup
Forest,grivemusicienne
Forest,ratnoir
Forest,marcassin
Forest,guenon
Forest,laie
Forest,ratel
Forest,bouc
Forest,bouquetin
Forest,grive
Forest,chamois
Forest,biquette
Forest,chevreau
Forest,souriceau
Genus,bêtedesomme
Genus,animalsauvage
Genus,poissondemer
Genus,mammifère
Genus,humain
Insectivores,aardvark
Insectivores,hérisson
Insectivores,tatou
Insectivores,échidné
Insectivores,fourmilier
Insectivores,taupe
Insectivores,pangolin
Insectivores,musaraigne
Insectivores,rousette
Insectivores,blaireau
Insectivores,paillette
Insectivores,chauvesourisvampire
Insectivores,chauvesouris
Insectivores,tamanoir
Insects,poudeterre
Insects,despuces
Insects,verdeterre
Insects,papillonamiral
Insects,monarqueaméricain
Insects,atalante
Insects,mouchebanane
Insects,punaisedelit
Insects,tardigrade
Insects,animal
Insects,mantereligieuse
Insects,abeille
Insects,puceron
Insects,boiséetrivittata
Insects,longicorne
Insects,coléoptère
Insects,coléoptèredesarbres
Insects,fourmiforestière
Insects,mouchebleue
Insects,cigale
Insects,papilloncitron
Insects,coléoptèreducolorado
Insects,das
Insects,oeildepaon
Insects,dar
Insects,derobrachushovorei
Insects,poudesanimaux
Insects,millepattes
Insects,fondre
Insects,ver
Insects,mouchedesfruits
Insects,abeilleafricanisée
Insects,cloporteàenroulementrégulier
Insects,laveurdevitres
Insects,luciole
Insects,verluisant
Insects,punaiseduboucliergris
Insects,demiailes
Insects,pyraledunoisetier
Insects,bourdon
Insects,poux
Insects,punaisedesfoins
Insects,moissonneurs
Insects,frelon
Insects,corné
Insects,longicornedesbois
Insects,guêpedesbois
Insects,mouchedomestique
Insects,pucesdomestiques
Insects,insecte
Insects,demoiselle
Insects,hanneton
Insects,cafard
Insects,canari
Insects,mitedecave
Insects,scarabée
Insects,moucherons
Insects,damedeconduit
Insects,pagereine
Insects,choublanc
Insects,grillon
Insects,criquet
Insects,mygale
Insects,araignéedejardin
Insects,tipule
Insects,gruevole
Insects,larve
Insects,libellule
Insects,coccinelle
Insects,pou
Insects,lumbricine
Insects,fabriqué
Insects,asticots
Insects,moustiquedupaludisme
Insects,verdefarine
Insects,bousier
Insects,fourmi
Insects,fourmis
Insects,fourmilion
Insects,coléoptèrefourmi
Insects,mite
Insects,monarque
Insects,papillonmonarque
Insects,papillon
Insects,moustique
Insects,scarabéedemusée
Insects,paondenuit
Insects,non
Insects,lentes
Insects,nombrepapillon
Insects,acariensderécolte
Insects,pinceoreille
Insects,perceoreille
Insects,taon
Insects,parasite
Insects,parapluiefourmi
Insects,passalidés
Insects,jetée
Insects,cloportes
Insects,verplat
Insects,fourmigéante
Insects,punaisedeaugéante
Insects,insecteprédateur
Insects,chenille
Insects,scorpion
Insects,cafardsifflant
Insects,mouchedeboue
Insects,guêpeparasite
Insects,insectesàbec
Insects,charançon
Insects,chenilledetension
Insects,ronronne
Insects,sauterelle
Insects,merdemouche
Insects,dendroctonedutapis
Insects,cocher
Insects,marque
Insects,termite
Insects,tor
Insects,torrent
Insects,tracteursauterelle
Insects,voyages
Insects,mouche
Insects,cerfvolant
Insects,puce
Insects,tarentule
Insects,fourmidefeu
Insects,feuillesdemarche
Insects,phasme
Insects,phasmes
Insects,veut
Insects,guêpe
Insects,pucedeau
Insects,punaisedeau
Insects,guêpes
Insects,araignéeloup
Insects,verdemer
Insects,poissondargent
Insects,veuvenoire
Insects,syrphe
Insects,punaise
Insects,doryphore
Insects,dytiques
Insects,scolopendra
Insects,blatte
Insects,nymphes
Insects,gendarme
Insects,vers
Jungle,singebarbu
Jungle,tigredubengale
Jungle,bonobos
Jungle,mygale
Jungle,gibbon
Jungle,jaguar
Jungle,grisdugabon
Jungle,gorille
Jungle,kinkajoe
Jungle,paresseux
Jungle,chatenmarbre
Jungle,oursàqueueroulée
Jungle,tapir
Jungle,toucan
Jungle,guenon
Mythical creatures,licorne
Mythical creatures,monstre
Mythical creatures,dragon
Mythical creatures,sphinx
Mythical creatures,marsupilami
Mythical creatures,griffon
NorthAmerican,tamias
NorthAmerican,papillonamiral
NorthAmerican,lagopède
NorthAmerican,cormoranaméricain
NorthAmerican,mygale
NorthAmerican,têtedecoupeaméricaine
NorthAmerican,aigleaméricain
NorthAmerican,oursnoiraméricain
NorthAmerican,oiseauanis
NorthAmerican,atalante
NorthAmerican,punaisedelit
NorthAmerican,ours
NorthAmerican,ourscochon
NorthAmerican,chèvredemontagne
NorthAmerican,liondemontagne
NorthAmerican,castor
NorthAmerican,ragondin
NorthAmerican,bison
NorthAmerican,boiséetrivittata
NorthAmerican,porcépic
NorthAmerican,bostonterrier
NorthAmerican,oursbrun
NorthAmerican,marsupial
NorthAmerican,opossum
NorthAmerican,quinnat
NorthAmerican,chionoecetesopilio
NorthAmerican,cravate
NorthAmerican,derobrachushovorei
NorthAmerican,blaireau
NorthAmerican,mouflon
NorthAmerican,moufloncanadien
NorthAmerican,dobermann
NorthAmerican,lapinnain
NorthAmerican,écureuil
NorthAmerican,marmottesécureuils
NorthAmerican,élan
NorthAmerican,orignal
NorthAmerican,chaque
NorthAmerican,émérite
NorthAmerican,déjà
NorthAmerican,sanglier
NorthAmerican,chiencourant
NorthAmerican,antilopegaffe
NorthAmerican,antilope
NorthAmerican,cormoranàoreilles
NorthAmerican,ratonlaveurcommun
NorthAmerican,loupgris
NorthAmerican,grizzly
NorthAmerican,renardàgrandesoreilles
NorthAmerican,crochetneztuyau
NorthAmerican,lescervidés
NorthAmerican,combattantindien
NorthAmerican,gibierindien
NorthAmerican,araignéecrabe
NorthAmerican,caribou
NorthAmerican,lapinsàqueueblanche
NorthAmerican,basseimpériale
NorthAmerican,chèvredesfalaises
NorthAmerican,ourskodiak
NorthAmerican,lapin
NorthAmerican,serpentcorail
NorthAmerican,couleuvre
NorthAmerican,araignéedejardin
NorthAmerican,lithodidés
NorthAmerican,crotale
NorthAmerican,longicorne
NorthAmerican,requinléopard
NorthAmerican,coatis
NorthAmerican,furetchatdamériquedunord
NorthAmerican,baleinesfranchesdunord
NorthAmerican,ratonlaveurnordaméricain
NorthAmerican,nombrepapillon
NorthAmerican,acariensderécolte
NorthAmerican,poissonàventredescieorange
NorthAmerican,cougar
NorthAmerican,lézardcrapaud
NorthAmerican,puma
NorthAmerican,pomoxis
NorthAmerican,quetzal
NorthAmerican,coyote
NorthAmerican,quiscale
NorthAmerican,poupéedechiffon
NorthAmerican,serpentàsonnette
NorthAmerican,renne
NorthAmerican,coléoptère
NorthAmerican,coléoptèregéant
NorthAmerican,punaisedeaugéante
NorthAmerican,lynxrouge
NorthAmerican,renardrouge
NorthAmerican,fauconàqueuerouge
NorthAmerican,chatécossaisàoreillespliées
NorthAmerican,sitta
NorthAmerican,proboscide
NorthAmerican,chèvredesneiges
NorthAmerican,harfangdesneiges
NorthAmerican,brochet
NorthAmerican,molétoile
NorthAmerican,graindebeautésterné
NorthAmerican,serpenttaureau
NorthAmerican,moufette
NorthAmerican,strombus
NorthAmerican,sylvilagus
NorthAmerican,longicornedutexas
NorthAmerican,colombededeuil
NorthAmerican,infirmièrerequin
NorthAmerican,araignéedeviolon
NorthAmerican,dinde
NorthAmerican,dindon
NorthAmerican,compagnondepêche
NorthAmerican,renard
NorthAmerican,écureuilsàjoues
NorthAmerican,ratonlaveur
NorthAmerican,lapindeau
NorthAmerican,tuyaudemocassindeau
NorthAmerican,punaisedeau
NorthAmerican,lionceau
NorthAmerican,geaidesbroussaillesdelouest
NorthAmerican,loup
NorthAmerican,aigledemer
NorthAmerican,loutredemer
NorthAmerican,liondargent
NorthAmerican,oursnoir
NorthAmerican,wapiti
NorthAmerican,marcassin
NorthAmerican,ourson
NorthAmerican,laie
Pets,guppy
Pets,malamutedalaska
Pets,angora
Pets,chatangora
Pets,apso
Pets,beagle
Pets,bergerbelge
Pets,chiendemontagnebernois
Pets,bleurusse
Pets,queueécourté
Pets,boxeur
Pets,bordercollie
Pets,chatdelaforêt
Pets,bouvier
Pets,boxeurs
Pets,poillongbritannique
Pets,bouledogue
Pets,bulldog
Pets,cavalierroicharlesspaniel
Pets,cochondinde
Pets,chihuahua
Pets,chinchilla
Pets,cochonchinois
Pets,chowchow
Pets,cocker
Pets,colley
Pets,corgi
Pets,chattigré
Pets,dalmatien
Pets,chiendanois
Pets,dègue
Pets,dobermann
Pets,nechien
Pets,bergerallemand
Pets,chienderacebergerallemand
Pets,allemanddebout
Pets,hamsternain
Pets,lapinnain
Pets,bulldoganglais
Pets,bergeranglais
Pets,perrucheanglaise
Pets,bulldogfrançais
Pets,canichefrançais
Pets,furet
Pets,standfrison
Pets,gerbille
Pets,goldenretriever
Pets,goldendoodle
Pets,hamsterdoré
Pets,poissonrouge
Pets,perruche
Pets,groenendael
Pets,guppy
Pets,hamster
Pets,levrette
Pets,eux
Pets,berger
Pets,chiendebergerhollandais
Pets,chien
Pets,chiendebergerhongrois
Pets,unchatdomestique
Pets,rauque
Pets,lévrierirlandais
Pets,jackrussell
Pets,cacatoès
Pets,canari
Pets,chat
Pets,gueuledebois
Pets,chaton
Pets,lapin
Pets,labrador
Pets,labradorretriever
Pets,chatpoillong
Pets,chatcalicot
Pets,lhassaapso
Pets,lionmaltais
Pets,chatnu
Pets,perroquet
Pets,perruches
Pets,pékinois
Pets,chatpersan
Pets,poillongpersan
Pets,pitbull
Pets,lavolaille
Pets,caniche
Pets,chiot
Pets,chiendemontagnedespyrénées
Pets,retriever
Pets,masculin
Pets,poilcourtrusse
Pets,tortue
Pets,schnauzer
Pets,shihtzu
Pets,siamois
Pets,chatsiamois
Pets,poissoncombattantsiamois
Pets,saintbernard
Pets,chiensaintbernard
Pets,épagneul
Pets,ratapprivoisé
Pets,teckel
Pets,terrier
Pets,tétra
Pets,angoraturc
Pets,calopsitte
Pets,géantflamand
Pets,chienpapillon
Pets,chiendeau
Pets,lapindeau
Pets,loupchien
Pets,sourislaineuse
Pets,yorkshireterrier
Pets,sphynx
Pets,terreneuve
Pets,cobaye
Primates,singe
Primates,singebarbu
Primates,babouin
Primates,bonobos
Primates,singehurleur
Primates,chimpanzé
Primates,écureuilsinge
Primates,crânedesinge
Primates,ouistitispygmées
Primates,galago
Primates,ouistiti
Primates,gibbon
Primates,gorille
Primates,singedoré
Primates,demisinge
Primates,homoerectus
Primates,homosapiens
Primates,lhomoerectus
Primates,indri
Primates,macaquejaponais
Primates,capucin
Primates,grand
Primates,lémurien
Primates,maki
Primates,loriquet
Primates,lorinea
Primates,lorisinae
Primates,macaque
Primates,mandrill
Primates,singemandrill
Primates,mangabey
Primates,homme
Primates,grandsinge
Primates,néandertal
Primates,singeproboscis
Primates,orangoutan
Primates,pithèce
Primates,loriquetlent
Primates,primates
Primates,singerhésus
Primates,singeàqueueannelée
Primates,lémurienàqueueannelée
Primates,saké
Primates,singesminces
Primates,singearaignée
Primates,tarsier
Primates,singequisaute
Primates,tamarin
Primates,tarsiidée
Primates,titi
Primates,wauwau
Primates,plumesblanches
Primates,singeenlaine
Primates,nasique
Primates,guenon
Rabbit,lapinnain
Rabbit,lièvre
Rabbit,lapin
Rabbit,lièvrearctique
Rabbit,lièvredamérique
Rabbit,lapindeau
ReptileAmphibian,crotale
ReptileAmphibian,vipère
ReptileAmphibian,alligator
ReptileAmphibian,allosaure
ReptileAmphibian,grenouilletaureauaméricaine
ReptileAmphibian,amphibie
ReptileAmphibian,anaconda
ReptileAmphibian,anolis
ReptileAmphibian,apatosaure
ReptileAmphibian,vipèrearabe
ReptileAmphibian,duvieldemontagne
ReptileAmphibian,boa
ReptileAmphibian,boaconstrictor
ReptileAmphibian,rainette
ReptileAmphibian,boomslang
ReptileAmphibian,forestier
ReptileAmphibian,brachiosaure
ReptileAmphibian,tuyaudelunettes
ReptileAmphibian,brontosaure
ReptileAmphibian,grenouillebrune
ReptileAmphibian,grenouilletaureau
ReptileAmphibian,triton
ReptileAmphibian,cobra
ReptileAmphibian,constricteur
ReptileAmphibian,grenouillededarwindusud
ReptileAmphibian,dinosaure
ReptileAmphibian,dragon
ReptileAmphibian,aspiségyptien
ReptileAmphibian,cobraégyptien
ReptileAmphibian,gavial
ReptileAmphibian,gecko
ReptileAmphibian,serpentvenimeux
ReptileAmphibian,monstregila
ReptileAmphibian,tuyaulisse
ReptileAmphibian,godzilla
ReptileAmphibian,grenouilleverte
ReptileAmphibian,lézard
ReptileAmphibian,halosauruspectoral
ReptileAmphibian,verlent
ReptileAmphibian,serpentàsonnettecornu
ReptileAmphibian,iguane
ReptileAmphibian,quai
ReptileAmphibian,caïman
ReptileAmphibian,caméléon
ReptileAmphibian,tritonhuppé
ReptileAmphibian,grenouille
ReptileAmphibian,têtard
ReptileAmphibian,komodo
ReptileAmphibian,dragondekomodo
ReptileAmphibian,roicobra
ReptileAmphibian,roiserpent
ReptileAmphibian,têtedecuivre
ReptileAmphibian,serpentcorail
ReptileAmphibian,serpentdesblés
ReptileAmphibian,couleuvresrayées
ReptileAmphibian,crocodile
ReptileAmphibian,grenouilledarbrecroisée
ReptileAmphibian,lachésis
ReptileAmphibian,tortue
ReptileAmphibian,mamba
ReptileAmphibian,tuyausousmarin
ReptileAmphibian,chemin
ReptileAmphibian,lézardcrapaud
ReptileAmphibian,phyton
ReptileAmphibian,grenouilleempoisonnée
ReptileAmphibian,pleurodelinae
ReptileAmphibian,pogone
ReptileAmphibian,ptérodactyle
ReptileAmphibian,python
ReptileAmphibian,rapace
ReptileAmphibian,serpentàsonnette
ReptileAmphibian,reptile
ReptileAmphibian,crapaud
ReptileAmphibian,crapaudgéant
ReptileAmphibian,couleuvre
ReptileAmphibian,salamandre
ReptileAmphibian,scinque
ReptileAmphibian,serpent
ReptileAmphibian,serpenttaureau
ReptileAmphibian,taïpan
ReptileAmphibian,serpentàsonnettetexan
ReptileAmphibian,tjitjak
ReptileAmphibian,tricératops
ReptileAmphibian,tyrannosaure
ReptileAmphibian,tyrannosaurerex
ReptileAmphibian,varan
ReptileAmphibian,vélociraptor
ReptileAmphibian,serpentvolant
ReptileAmphibian,tuyaudemocassindeau
ReptileAmphibian,tuyaudeau
ReptileAmphibian,serpentdediamantoccidental
ReptileAmphibian,serpentoccidentalànezcrochu
ReptileAmphibian,étrangleur
ReptileAmphibian,blackmamba
Rodents,tamia
Rodents,sourisdeterre
Rodents,agouti
Rodents,marmottedesmontagnes
Rodents,castor
Rodents,ragondin
Rodents,bisamrat
Rodents,marmotte
Rodents,sourisenbois
Rodents,ratbrun
Rodents,capibara
Rodents,cochondinde
Rodents,semblableàuncobaye
Rodents,chinchilla
Rodents,dègue
Rodents,hamsternain
Rodents,lapinnain
Rodents,écureuil
Rodents,marmottesécureuils
Rodents,hérisson
Rodents,siffletlièvre
Rodents,gerbille
Rodents,écureuilcommun
Rodents,coursier
Rodents,hamsterdoré
Rodents,écureuilgris
Rodents,écureuilterrestre
Rodents,lièvre
Rodents,hamster
Rodents,sourisdomestique
Rodents,ratdomestique
Rodents,gerboise
Rodents,rongeur
Rodents,lapin
Rodents,marmotteàlonguequeue
Rodents,lemming
Rodents,taupe
Rodents,souris
Rodents,ratmusqué
Rodents,rattaupenu
Rodents,néotome
Rodents,paraxeruscepapic
Rodents,pika
Rodents,lièvrearctique
Rodents,chiendeprairie
Rodents,rat
Rodents,loir
Rodents,ratdégout
Rodents,écureuilroux
Rodents,marmotterouge
Rodents,lièvredamérique
Rodents,musaraigne
Rodents,porcépic
Rodents,ratapprivoisé
Rodents,mulot
Rodents,écureuilvolant
Rodents,écureuilsàjoues
Rodents,pochedejouerat
Rodents,lapindeau
Rodents,ratdeau
Rodents,potdeau
Rodents,campagnol
Rodents,xérusprinceps
Rodents,ratdesac
Rodents,ratdesable
Rodents,dormeur
Rodents,écureuilnoir
Rodents,ratnoir
Rodents,cobaye
Rodents,souriceau
SouthAmerica,anaconda
SouthAmerica,oiseauanis
SouthAmerica,apistogramme
SouthAmerica,ara
SouthAmerica,arapaïma
SouthAmerica,ours
SouthAmerica,forestier
SouthAmerica,marsupial
SouthAmerica,grenouillededarwindusud
SouthAmerica,dègue
SouthAmerica,écureuilsinge
SouthAmerica,crânedesinge
SouthAmerica,ouistitispygmées
SouthAmerica,ouistiti
SouthAmerica,ararouge
SouthAmerica,poussin
SouthAmerica,guanaco
SouthAmerica,jaguar
SouthAmerica,mygale
SouthAmerica,cougar
SouthAmerica,caïman
SouthAmerica,lachésis
SouthAmerica,puma
SouthAmerica,crotale
SouthAmerica,coatis
SouthAmerica,quetzal
SouthAmerica,quiscale
SouthAmerica,tamarin
SouthAmerica,cochondinde
SouthAmerica,toucan
SouthAmerica,infirmièrerequin
SouthAmerica,singeenlaine
SouthAmerica,amphibie
SouthAmerica,cobaye
SouthAmerica,ourson
UnicellularOrganisms,amibe
UnicellularOrganisms,bactéries
UnicellularOrganisms,parasite
UsedForFur,alpaga
UsedForFur,lamadesmontagnes
UsedForFur,castor
UsedForFur,ragondin
UsedForFur,chinchilla
UsedForFur,gemmes
UsedForFur,sesouvenir
UsedForFur,lapin
UsedForFur,agneau
UsedForFur,lama
UsedForFur,vison
UsedForFur,éwé
UsedForFur,ourspolaire
UsedForFur,sabreanimal
UsedForFur,martredessables
UsedForFur,bélier
UsedForFur,mouton
UsedForFur,brebis
UsedForFur,chameaumouton
UsedForFur,vigogne
UsedForFur,géantflamand
UsedForFur,renard
UsedForFur,lapindeau
UsedForFur,oursblanc
UsedForFur,sourislaineuse
Water,anguille
Water,cormoran
Water,algue
Water,algues
Water,alligator
Water,tortueboîteaméricaine
Water,sandreaméricain
Water,palourdeaméricaine
Water,amibe
Water,tourteau
Water,anémone
Water,anchois
Water,apistogramme
Water,aplysie
Water,arapaïma
Water,sole
Water,architeuthis
Water,aileronsdebras
Water,lescrevettesdesaumure
Water,requinterrestredelatlantique
Water,axolotl
Water,perche
Water,baleineàfanons
Water,escargotbanane
Water,barbeau
Water,barracuda
Water,tardigrade
Water,béluga
Water,castor
Water,ragondin
Water,bitchelydra
Water,tortueserpentine
Water,bisamrat
Water,dragonbleu
Water,requinbleu
Water,baleinebleue
Water,tassergal
Water,pâle
Water,blanchir
Water,poissonblob
Water,sangsue
Water,boto
Water,oiebernache
Water,brème
Water,achiganàgrandebouche
Water,ombledefontaine
Water,marsouin
Water,médusetubulaire
Water,baleineàbosse
Water,oiecanadienne
Water,capibara
Water,cardiidés
Water,chaetodiptèrefaber
Water,chionoecetesopilio
Water,clypeasteroida
Water,coelacanthiformes
Water,daphnie
Water,crabesenferàcheval
Water,rascasse
Water,poissondehautemer
Water,poissondisque
Water,dauphin
Water,dauphins
Water,silure
Water,chiendemer
Water,tortueboîte
Water,daurade
Water,dorade
Water,murène
Water,câble
Water,diable
Water,canard
Water,alose
Water,baràtruite
Water,crevettesroyales
Water,oie
Water,crevette
Water,gavial
Water,àbecjaune
Water,orphie
Water,phoquecommun
Water,anguilledeverre
Water,glaucusatlanticus
Water,carpedor
Water,mahidor
Water,poissonrouge
Water,liserondor
Water,lieu
Water,colin
Water,carpeherbivore
Water,oiegrise
Water,globicéphale
Water,barbue
Water,baleinegrise
Water,percheverte
Water,grenouilleverte
Water,gobie
Water,fondateur
Water,requindeterre
Water,grandrequinbleu
Water,grosverdevase
Water,guppy
Water,requin
Water,requinmarteau
Water,plusfort
Water,aucœurdur
Water,hareng
Water,merlu
Water,flétan
Water,mérou
Water,crabeermite
Water,hippoïde
Water,hurleur
Water,calamar
Water,listiophore
Water,itajara
Water,caïmanbrochet
Water,morue
Water,camée
Water,coquillesaintjacques
Water,tétracardinal
Water,carpe
Water,cauris
Water,basseimpériale
Water,verdarbredenoël
Water,grenouille
Water,têtard
Water,achiganàpetitebouche
Water,petitcygne
Water,foulque
Water,poissonglobe
Water,carpekoï
Water,coque
Water,kolbleï
Water,carpeencage
Water,oieduchou
Water,goberge
Water,corail
Water,poissonlion
Water,crabe
Water,homard
Water,krill
Water,canardcouronne
Water,canardmorillon
Water,charlatan
Water,méduse
Water,lamantin
Water,langoustine
Water,lithodidés
Water,requinléopard
Water,leslutjanidés
Water,poissonange
Water,mahimahi
Water,maquereau
Water,canardmandarin
Water,manta
Water,manteaux
Water,marlin
Water,grandrequin
Water,meun
Water,mulet
Water,tortue
Water,mollusque
Water,monstre
Water,perchedemousse
Water,moule
Water,tritonhuppé
Water,triton
Water,ratmusqué
Water,limace
Water,narval
Water,nautile
Water,néontétra
Water,oieégyptienne
Water,baleinesfranchesdunord
Water,pieuvre
Water,ocypodines
Water,huître
Water,tuyausousmarin
Water,naviredeguerre
Water,poissonàventredescieorange
Water,dauphindelorénoque
Water,orque
Water,loutre
Water,chemin
Water,poissonperroquet
Water,pectinidés
Water,weever
Water,raie
Water,manchot
Water,piranha
Water,crevettepistolet
Water,plancton
Water,poissonplat
Water,verplat
Water,pleurodelinae
Water,crevettepluspropre
Water,polype
Water,grondin
Water,galèreportugaise
Water,publier
Water,cachalot
Water,souffleur
Water,rajidés
Water,balanes
Water,requinpèlerin
Water,coléoptère
Water,coléoptèregéant
Water,crapaud
Water,crapaudgéant
Water,oiedeharicot
Water,rudd
Water,écrevisse
Water,rob
Water,rog
Water,dauphinàbecrond
Water,aspic
Water,salamandre
Water,sardine
Water,auditionàléchelle
Water,touche
Water,églefin
Water,plie
Water,sciaenopsocellatus
Water,poissoncombattantsiamois
Water,anguilleélectrique
Water,siphonophores
Water,escargot
Water,mudskipper
Water,myxine
Water,pelleteur
Water,canardsiffleur
Water,vivaneau
Water,oiedesneiges
Water,sandre
Water,carpemiroir
Water,éperlan
Water,éponge
Water,crabefantôme
Water,sprat
Water,qualitédelétat
Water,épinoche
Water,esturgeon
Water,requintaureau
Water,strombus
Water,sumatra
Water,synanceia
Water,turbot
Water,requintigre
Water,langue
Water,verre
Water,tursiops
Water,bivalves
Water,palourde
Water,infirmièrerequin
Water,finarmigen
Water,rorqualcommun
Water,poisson
Water,pêche
Water,poissonvolant
Water,ornithorynque
Water,morse
Water,baleine
Water,requinbaleine
Water,pouledeau
Water,pouletdeau
Water,ratdeau
Water,tortuedeau
Water,pucesdeau
Water,crabesàsourcils
Water,oiesauvage
Water,liseron
Water,dauphinblanc
Water,requinblanc
Water,baleineblanche
Water,thon
Water,poissonblanc
Water,campagnol
Water,jetsdemer
Water,saumon
Water,requinduzambèze
Water,dollardesable
Water,poissonzèbre
Water,anémonedemer
Water,pommedemer
Water,loupdemer
Water,otarieàfourrure
Water,lalotte
Water,canarddemer
Water,oursin
Water,phoque
Water,bardanedemer
Water,concombredemer
Water,lapindemer
Water,crabedemer
Water,médusedemer
Water,otarie
Water,tanche
Water,léoparddemer
Water,éléphantdemer
Water,loutredemer
Water,hippocampe
Water,chevaldemer
Water,congre
Water,pirate
Water,tortuedemer
Water,escargotdemer
Water,serpentdemer
Water,épongedemer
Water,étoiledemer
Water,unique
Water,poissondemer
Water,oiseaudemer
Water,verdemer
Water,hirondelledemer
Water,voilier
Water,poissonlune
Water,requinsoeur
Water,cygne
Water,baleineàépée
Water,poulpe
Water,dytiques
Water,lotte
Water,langouste
Water,couteau
Water,bigorneau
Water,vive
Water,bulot
Water,raiementa
Water,liondemer
Water,crustacé
Water,coquillage
Water,canette
Water,caneton
Water,oursdemer
Water,cabillaud
Water,bernardlhermite
Water,araignéedemer
Water,dard
Weasels,visondamérique
Weasels,martredespins
Weasels,marmotte
Weasels,putois
Weasels,chatcivette
Weasels,cravate
Weasels,oeufbelette
Weasels,furet
Weasels,hermine
Weasels,blaireau
Weasels,blaireaudemiel
Weasels,petitesmartres
Weasels,mangouste
Weasels,martre
Weasels,loutre
Weasels,fouine
Weasels,moufette
Weasels,glouton
Weasels,compagnondepêche
Weasels,belette
Weasels,visondemer
Worms,verdeterre
Worms,grosverdevase
Worms,verdarbredenoël
Worms,vertubicole
Worms,ténia
Worms,lumbricine
Worms,verdefarine
Worms,jetée
Worms,verplat
Worms,chenille
Worms,chenilledutendeurpapillon
Worms,vers
Zoo,singe
Zoo,protèle
Zoo,alligator
Zoo,anaconda
Zoo,singes
Zoo,ara
Zoo,aigle
Zoo,singebarbu
Zoo,babouin
Zoo,ours
Zoo,tigredubengale
Zoo,boa
Zoo,boaconstrictor
Zoo,bonobos
Zoo,tuyaudelunettes
Zoo,singehurleur
Zoo,guépard
Zoo,chimpanzé
Zoo,cobra
Zoo,constricteur
Zoo,constricteurs
Zoo,écureuilsinge
Zoo,crânedesinge
Zoo,émeu
Zoo,émeus
Zoo,lémurien
Zoo,flamant
Zoo,flamantrose
Zoo,girafe
Zoo,girafes
Zoo,gorille
Zoo,singedoré
Zoo,grizzly
Zoo,hippopotame
Zoo,ourspolaire
Zoo,jaguar
Zoo,chameau
Zoo,koala
Zoo,grand
Zoo,lion
Zoo,leslions
Zoo,lionne
Zoo,oursparesseux
Zoo,léopard
Zoo,lynx
Zoo,mamba
Zoo,singeproboscis
Zoo,rhinocéros
Zoo,pieuvre
Zoo,éléphant
Zoo,leséléphants
Zoo,orangoutan
Zoo,panda
Zoo,panthère
Zoo,manchot
Zoo,cougar
Zoo,puma
Zoo,chevaldeprzewalski
Zoo,python
Zoo,serpentàsonnette
Zoo,renoster
Zoo,singeàqueueannelée
Zoo,maki
Zoo,lémurienàqueueannelée
Zoo,tortue
Zoo,serpent
Zoo,tigredesneiges
Zoo,autruche
Zoo,tigre
Zoo,tigres
Zoo,oursblanc
Zoo,zèbre
Zoo,chevalzèbre
Zoo,guenon
Zoo,ourson